membership average RMSE,0.37828385339317389
membership average median,1.5660797980014456e-05
membership average STDEV,0.32109981485123523
possibility average RMSE,0.56842716332008547
possibility average median,0.0018981980148616417
possibility average STDEV,0.54166504457265041
