membership average RMSE,0.41523563417590126
membership average median,3.7596790809941417e-07
membership average STDEV,0.35981356990672608
possibility average RMSE,0.62222871920385692
possibility average median,0.0015116122920722907
possibility average STDEV,0.61745157503090287
