membership average RMSE,0.3463467695422075
membership average median,0.00025184305995010886
membership average STDEV,0.26829645077169761
possibility average RMSE,0.52688555248436963
possibility average median,0.028007126977703533
possibility average STDEV,0.50091758324263425
