membership average RMSE,0.40177388481651749
membership average median,2.742965920212321e-06
membership average STDEV,0.34126761202667905
possibility average RMSE,0.60728359812697819
possibility average median,0.0025781927959385872
possibility average STDEV,0.61642074280478754
