membership average RMSE,0.3877558131621292
membership average median,0.016868372760847336
membership average STDEV,0.22617587576072379
possibility average RMSE,0.5570780192594873
possibility average median,0.22120253106814136
possibility average STDEV,0.26510067623023204
