membership average RMSE,0.35519203986015246
membership average median,0.0037966683806915577
membership average STDEV,0.24254598535102523
possibility average RMSE,0.5252044922898611
possibility average median,0.11871493552518511
possibility average STDEV,0.37326628905976633
