membership average RMSE,0.34523070196239358
membership average median,0.011582278870037103
membership average STDEV,0.23530908798949404
possibility average RMSE,0.5083864881868988
possibility average median,0.077543539565308545
possibility average STDEV,0.36231461957943534
