membership average RMSE,0.35871424501802895
membership average median,0.043668875700739754
membership average STDEV,0.21273256574652133
possibility average RMSE,0.53285810197259287
possibility average median,0.13750289771507135
possibility average STDEV,0.34057696363770862
