membership average RMSE,0.37222530973106388
membership average median,0.00016496711618845344
membership average STDEV,0.29643896186411423
possibility average RMSE,0.55156515437435261
possibility average median,0.011774889049805493
possibility average STDEV,0.47219525353395958
