membership average RMSE,0.35447048114851576
membership average median,0.00010848292375649114
membership average STDEV,0.25381329477695963
possibility average RMSE,0.52263853917439085
possibility average median,0.13878908577313004
possibility average STDEV,0.3948426064840565
