membership average RMSE,0.38416300915305895
membership average median,4.6096905365466887e-18
membership average STDEV,0.33766265936246109
possibility average RMSE,0.57657798204802957
possibility average median,0.00094423998825159138
possibility average STDEV,0.5576276114476284
