membership average RMSE,0.30798520239205429
membership average median,0.032190456241764365
membership average STDEV,0.1611105932272793
possibility average RMSE,0.48596306525483335
possibility average median,0.075592170104778339
possibility average STDEV,0.37704077986093398
