membership average RMSE,0.3390188583358919
membership average median,0.0002345055933339882
membership average STDEV,0.25715215617146131
possibility average RMSE,0.52802951736756276
possibility average median,0.012038030861239953
possibility average STDEV,0.52040832207385523
