membership average RMSE,0.31425658588041427
membership average median,0.013813458994623388
membership average STDEV,0.16446125304379053
possibility average RMSE,0.49080418991402219
possibility average median,0.10666679368288348
possibility average STDEV,0.33367973616005209
