membership average RMSE,0.38595466780048826
membership average median,1.2793689478692494e-06
membership average STDEV,0.33262276525258094
possibility average RMSE,0.59667463318561886
possibility average median,0.0013461909376608391
possibility average STDEV,0.67454243117942603
