membership average RMSE,0.31251124935748054
membership average median,0.0040853743939046365
membership average STDEV,0.19142353745856375
possibility average RMSE,0.48996739455380933
possibility average median,0.060544582861559768
possibility average STDEV,0.38048909050544583
