membership average RMSE,0.33686574272688247
membership average median,0.0085359563831021203
membership average STDEV,0.21601695226020215
possibility average RMSE,0.53155104257652175
possibility average median,0.042888532913799293
possibility average STDEV,0.46332245598765248
