membership average RMSE,0.36228666212564742
membership average median,4.9961632564334352e-19
membership average STDEV,0.32132152198104891
possibility average RMSE,0.55116705564339463
possibility average median,0.00084544099774966808
possibility average STDEV,0.59466337834151295
