membership average RMSE,0.34081303358935972
membership average median,0.075424901902520144
membership average STDEV,0.15380569013836048
possibility average RMSE,0.53453124495007931
possibility average median,0.17022877370900999
possibility average STDEV,0.35174735941470353
