membership average RMSE,0.31358602730731039
membership average median,0.0078470759983653663
membership average STDEV,0.17912204500346907
possibility average RMSE,0.49089195449783868
possibility average median,0.08401132653076919
possibility average STDEV,0.36972848121751439
