membership average RMSE,0.39227280145697818
membership average median,1.5281518463342572e-05
membership average STDEV,0.33101687783955225
possibility average RMSE,0.60866384382048833
possibility average median,0.0030250846706505337
possibility average STDEV,0.65350939568192756
