membership average RMSE,0.39228694002211961
membership average median,4.1921405113390525e-14
membership average STDEV,0.34414780725677058
possibility average RMSE,0.6043319783313611
possibility average median,0.00089427547785160349
possibility average STDEV,0.70006950362150266
